-- phpMyAdmin SQL Dump
-- version 4.5.1
-- http://www.phpmyadmin.net
--
-- Servidor: 127.0.0.1
-- Tiempo de generación: 30-10-2016 a las 02:38:36
-- Versión del servidor: 10.1.8-MariaDB
-- Versión de PHP: 5.6.14

SET SQL_MODE = "NO_AUTO_VALUE_ON_ZERO";
SET time_zone = "+00:00";


/*!40101 SET @OLD_CHARACTER_SET_CLIENT=@@CHARACTER_SET_CLIENT */;
/*!40101 SET @OLD_CHARACTER_SET_RESULTS=@@CHARACTER_SET_RESULTS */;
/*!40101 SET @OLD_COLLATION_CONNECTION=@@COLLATION_CONNECTION */;
/*!40101 SET NAMES utf8mb4 */;

--
-- Base de datos: `comercio`
--
CREATE DATABASE IF NOT EXISTS `comercio` DEFAULT CHARACTER SET utf8 COLLATE utf8_general_ci;
USE `comercio`;

-- --------------------------------------------------------

--
-- Estructura de tabla para la tabla `categorias`
--

CREATE TABLE `categorias` (
  `idCategoria` int(11) NOT NULL,
  `Nombre` varchar(30) NOT NULL,
  `Hijo_de` int(11) DEFAULT '0'
) ENGINE=InnoDB DEFAULT CHARSET=utf8;

--
-- Volcado de datos para la tabla `categorias`
--

INSERT INTO `categorias` (`idCategoria`, `Nombre`, `Hijo_de`) VALUES
(1, 'PC', 0),
(2, 'Smartphone', 0),
(3, 'Tablets', 0),
(4, 'Accesorios', 1),
(5, 'Cargadores', 2),
(6, 'Notebooks', 0),
(7, 'Fundas', 3);

-- --------------------------------------------------------

--
-- Estructura de tabla para la tabla `marcas`
--

CREATE TABLE `marcas` (
  `idMarca` int(11) NOT NULL,
  `Nombre` varchar(30) NOT NULL
) ENGINE=InnoDB DEFAULT CHARSET=utf8;

--
-- Volcado de datos para la tabla `marcas`
--

INSERT INTO `marcas` (`idMarca`, `Nombre`) VALUES
(1, 'Apple'),
(2, 'Samsung'),
(3, 'Huawei'),
(4, 'LG'),
(5, 'Motorola'),
(6, 'Google'),
(7, 'Asus'),
(8, 'ZTE'),
(9, 'Nokia'),
(10, 'Lenovo'),
(11, 'PlayStation'),
(12, 'Ninendo'),
(13, 'Microsoft'),
(14, 'TCL');

-- --------------------------------------------------------

--
-- Estructura de tabla para la tabla `productos`
--

CREATE TABLE `productos` (
  `idProducto` int(11) NOT NULL,
  `Nombre` varchar(30) NOT NULL,
  `Precio` double NOT NULL,
  `Marca` int(11) NOT NULL,
  `Categoria` int(11) NOT NULL,
  `Presentacion` varchar(30) NOT NULL,
  `Stock` int(6) NOT NULL
) ENGINE=InnoDB DEFAULT CHARSET=utf8;

--
-- Volcado de datos para la tabla `productos`
--

INSERT INTO `productos` (`idProducto`, `Nombre`, `Precio`, `Marca`, `Categoria`, `Presentacion`, `Stock`) VALUES
(1, 'iPhone 6', 499.99, 1, 2, '16GB', 500),
(2, 'iPad Pro', 599.99, 1, 3, '32GB', 300),
(3, 'Nexus 7', 299.99, 6, 3, '32GB', 300),
(4, 'Galaxy S7', 459.9, 2, 2, '64GB', 650),
(5, 'Moto G', 489.99, 5, 2, '8GB', 750),
(6, 'L40', 199.69, 4, 2, '24GB', 350);

--
-- Índices para tablas volcadas
--

--
-- Indices de la tabla `categorias`
--
ALTER TABLE `categorias`
  ADD PRIMARY KEY (`idCategoria`);

--
-- Indices de la tabla `marcas`
--
ALTER TABLE `marcas`
  ADD PRIMARY KEY (`idMarca`);

--
-- Indices de la tabla `productos`
--
ALTER TABLE `productos`
  ADD PRIMARY KEY (`idProducto`),
  ADD KEY `Marca` (`Marca`),
  ADD KEY `Rubro` (`Categoria`);

--
-- AUTO_INCREMENT de las tablas volcadas
--

--
-- AUTO_INCREMENT de la tabla `categorias`
--
ALTER TABLE `categorias`
  MODIFY `idCategoria` int(11) NOT NULL AUTO_INCREMENT, AUTO_INCREMENT=8;
--
-- AUTO_INCREMENT de la tabla `marcas`
--
ALTER TABLE `marcas`
  MODIFY `idMarca` int(11) NOT NULL AUTO_INCREMENT, AUTO_INCREMENT=15;
--
-- AUTO_INCREMENT de la tabla `productos`
--
ALTER TABLE `productos`
  MODIFY `idProducto` int(11) NOT NULL AUTO_INCREMENT, AUTO_INCREMENT=7;
--
-- Restricciones para tablas volcadas
--

--
-- Filtros para la tabla `productos`
--
ALTER TABLE `productos`
  ADD CONSTRAINT `productos_ibfk_1` FOREIGN KEY (`Marca`) REFERENCES `marcas` (`idMarca`) ON DELETE CASCADE ON UPDATE CASCADE,
  ADD CONSTRAINT `productos_ibfk_2` FOREIGN KEY (`Categoria`) REFERENCES `categorias` (`idCategoria`) ON DELETE CASCADE ON UPDATE CASCADE;

/*!40101 SET CHARACTER_SET_CLIENT=@OLD_CHARACTER_SET_CLIENT */;
/*!40101 SET CHARACTER_SET_RESULTS=@OLD_CHARACTER_SET_RESULTS */;
/*!40101 SET COLLATION_CONNECTION=@OLD_COLLATION_CONNECTION */;
